PCA #,Actin,CD107a,CD11c,CD20,CD21,CD31,CD3e,CD4,CD45,CD45RO,CD68,CD8,DAPI_2,E_CAD,Histone_H3,Ki67,Pan_CK,Podoplanin,Explained Variance
1,0.9999999981323903,9.129124450659527e-06,1.439203694344641e-06,4.059344878001437e-05,4.939360274006021e-06,2.1695623459821403e-05,2.3434046727900042e-06,4.867715152555245e-07,4.213685358959482e-06,6.907402595074473e-06,6.267768421151554e-07,8.026126162367578e-06,1.490098784414996e-05,7.779362072603902e-06,2.6128855281866107e-06,5.505242742652764e-06,3.150346457245703e-05,7.662472807797702e-06,0.864735242294133
2,3.1501404121924064e-05,6.9139492662036155e-06,8.743164655258416e-06,2.3974042130284702e-05,1.4506375314976063e-05,1.3067926039775727e-05,9.308443546538165e-06,9.949666950741675e-06,1.1553356532114881e-05,1.382283763819489e-05,8.780863944730654e-06,1.3472611990955035e-05,5.351057624159857e-06,1.3156025733147927e-05,8.741755010069982e-06,1.3392133727799967e-05,0.9999999982579468,1.361143025879577e-05,0.11931922949888589
3,2.168844581338367e-05,2.9938324745039897e-05,3.790781235305885e-05,0.0001464873856236633,6.290214658889865e-05,0.9999999753700405,4.4504449496613914e-05,4.375513978424619e-05,5.1611845262160515e-05,5.1616737295010304e-05,3.144277887372012e-05,4.984650992123864e-05,3.6237633766338595e-05,3.96285300709525e-05,1.7036515915308024e-05,5.046701042456092e-05,1.3057760248114076e-05,4.952963369794261e-05,0.014727458052243198
